<?xml version="1.0" encoding="UTF-8"?>
<project-private xmlns="http://www.netbeans.org/ns/project-private/1">
    <editor-bookmarks xmlns="http://www.netbeans.org/ns/editor-bookmarks/2" lastBookmarkId="0"/>
    <open-files xmlns="http://www.netbeans.org/ns/projectui-open-files/2">
        <group>
            <file>file:/C:/Users/admin/Documents/NetBeansProjects/Hospital%20Management/src/Main.java</file>
            <file>file:/C:/Users/admin/Documents/NetBeansProjects/Hospital%20Management/src/About.java</file>
            <file>file:/C:/Users/admin/Documents/NetBeansProjects/Hospital%20Management/src/Patient_Admit_roomRec1.java</file>
            <file>file:/C:/Users/admin/Documents/NetBeansProjects/Hospital%20Management/src/Patient_Admit_Room.java</file>
            <file>file:/C:/Users/admin/Documents/NetBeansProjects/Hospital%20Management/src/Registration.java</file>
            <file>file:/C:/Users/admin/Documents/NetBeansProjects/Hospital%20Management/src/DocRec.java</file>
            <file>file:/C:/Users/admin/Documents/NetBeansProjects/Hospital%20Management/src/NewUser.java</file>
            <file>file:/C:/Users/admin/Documents/NetBeansProjects/Hospital%20Management/src/Entry.java</file>
            <file>file:/C:/Users/admin/Documents/NetBeansProjects/Hospital%20Management/src/Patient_Admit_roomRec2.java</file>
            <file>file:/C:/Users/admin/Documents/NetBeansProjects/Hospital%20Management/src/Patient_Discharge_room.java</file>
        </group>
    </open-files>
</project-private>
